cell_barcode,donor,sample,condition,batch,lane,pathway_score,nc_unit,nc_split
cell_1_treated_0,donor_1,D1_treated,treated,batch_1,lane_1,-1.9913,,
cell_1_treated_1,donor_1,D1_treated,treated,batch_1,lane_2,-1.3739,,
cell_1_treated_2,donor_1,D1_treated,treated,batch_1,lane_3,-2.8821,,
cell_1_treated_3,donor_1,D1_treated,treated,batch_1,lane_1,-3.6979,,
cell_1_treated_4,donor_1,D1_treated,treated,batch_1,lane_2,-2.4344,,
cell_1_treated_5,donor_1,D1_treated,treated,batch_1,lane_3,-1.8909,,
cell_1_treated_6,donor_1,D1_treated,treated,batch_1,lane_1,-1.2707,,
cell_1_treated_7,donor_1,D1_treated,treated,batch_1,lane_2,-3.5848,,
cell_1_treated_8,donor_1,D1_treated,treated,batch_1,lane_3,-3.6618,,
cell_1_treated_9,donor_1,D1_treated,treated,batch_1,lane_1,-1.663,,
cell_1_treated_10,donor_1,D1_treated,treated,batch_1,lane_2,-1.8948,,
cell_1_treated_11,donor_1,D1_treated,treated,batch_1,lane_3,-0.8351,,
cell_1_treated_12,donor_1,D1_treated,treated,batch_1,lane_1,-1.3864,,
cell_1_treated_13,donor_1,D1_treated,treated,batch_1,lane_2,-2.4707,,
cell_1_treated_14,donor_1,D1_treated,treated,batch_1,lane_3,-2.6431,,
cell_1_treated_15,donor_1,D1_treated,treated,batch_1,lane_1,0.2016,,
cell_1_treated_16,donor_1,D1_treated,treated,batch_1,lane_2,-2.6577,,
cell_1_treated_17,donor_1,D1_treated,treated,batch_1,lane_3,-3.1538,,
cell_1_treated_18,donor_1,D1_treated,treated,batch_1,lane_1,-3.5072,,
cell_1_treated_19,donor_1,D1_treated,treated,batch_1,lane_2,-2.2734,,
cell_1_treated_20,donor_1,D1_treated,treated,batch_1,lane_3,-2.2236,,
cell_1_treated_21,donor_1,D1_treated,treated,batch_1,lane_1,-2.7138,,
cell_1_treated_22,donor_1,D1_treated,treated,batch_1,lane_2,-2.431,,
cell_1_treated_23,donor_1,D1_treated,treated,batch_1,lane_3,-2.0958,,
cell_1_treated_24,donor_1,D1_treated,treated,batch_1,lane_1,-1.6765,,
cell_1_treated_25,donor_1,D1_treated,treated,batch_1,lane_2,-1.2721,,
cell_1_treated_26,donor_1,D1_treated,treated,batch_1,lane_3,-2.1591,,
cell_1_treated_27,donor_1,D1_treated,treated,batch_1,lane_1,-4.1587,,
cell_1_treated_28,donor_1,D1_treated,treated,batch_1,lane_2,-1.6672,,
cell_1_treated_29,donor_1,D1_treated,treated,batch_1,lane_3,-3.7886,,
cell_1_treated_30,donor_1,D1_treated,treated,batch_1,lane_1,-2.5403,,
cell_1_treated_31,donor_1,D1_treated,treated,batch_1,lane_2,-3.8427,,
cell_1_treated_32,donor_1,D1_treated,treated,batch_1,lane_3,-2.3668,,
cell_1_treated_33,donor_1,D1_treated,treated,batch_1,lane_1,-3.1475,,
cell_1_treated_34,donor_1,D1_treated,treated,batch_1,lane_2,-2.155,,
cell_1_treated_35,donor_1,D1_treated,treated,batch_1,lane_3,0.9314,,
cell_1_treated_36,donor_1,D1_treated,treated,batch_1,lane_1,-2.4175,,
cell_1_treated_37,donor_1,D1_treated,treated,batch_1,lane_2,-1.5266,,
cell_1_treated_38,donor_1,D1_treated,treated,batch_1,lane_3,-3.6922,,
cell_1_treated_39,donor_1,D1_treated,treated,batch_1,lane_1,-2.6569,,
cell_1_control_0,donor_1,D1_control,control,batch_1,lane_1,0.5936,D1_control_a,a
cell_1_control_1,donor_1,D1_control,control,batch_1,lane_2,-1.5616,D1_control_b,b
cell_1_control_2,donor_1,D1_control,control,batch_1,lane_3,0.3013,D1_control_a,a
cell_1_control_3,donor_1,D1_control,control,batch_1,lane_1,-1.3656,D1_control_b,b
cell_1_control_4,donor_1,D1_control,control,batch_1,lane_2,-1.075,D1_control_a,a
cell_1_control_5,donor_1,D1_control,control,batch_1,lane_3,-0.9051,D1_control_b,b
cell_1_control_6,donor_1,D1_control,control,batch_1,lane_1,-0.8809,D1_control_a,a
cell_1_control_7,donor_1,D1_control,control,batch_1,lane_2,0.4029,D1_control_b,b
cell_1_control_8,donor_1,D1_control,control,batch_1,lane_3,-0.5741,D1_control_a,a
cell_1_control_9,donor_1,D1_control,control,batch_1,lane_1,-0.7828,D1_control_b,b
cell_1_control_10,donor_1,D1_control,control,batch_1,lane_2,-0.0665,D1_control_a,a
cell_1_control_11,donor_1,D1_control,control,batch_1,lane_3,-0.5165,D1_control_b,b
cell_1_control_12,donor_1,D1_control,control,batch_1,lane_1,-0.671,D1_control_a,a
cell_1_control_13,donor_1,D1_control,control,batch_1,lane_2,-0.47,D1_control_b,b
cell_1_control_14,donor_1,D1_control,control,batch_1,lane_3,-0.1928,D1_control_a,a
cell_1_control_15,donor_1,D1_control,control,batch_1,lane_1,-0.2056,D1_control_b,b
cell_1_control_16,donor_1,D1_control,control,batch_1,lane_2,0.5553,D1_control_a,a
cell_1_control_17,donor_1,D1_control,control,batch_1,lane_3,-1.3276,D1_control_b,b
cell_1_control_18,donor_1,D1_control,control,batch_1,lane_1,-0.8492,D1_control_a,a
cell_1_control_19,donor_1,D1_control,control,batch_1,lane_2,-0.7011,D1_control_b,b
cell_1_control_20,donor_1,D1_control,control,batch_1,lane_3,0.3993,D1_control_a,a
cell_1_control_21,donor_1,D1_control,control,batch_1,lane_1,0.173,D1_control_b,b
cell_1_control_22,donor_1,D1_control,control,batch_1,lane_2,-0.4459,D1_control_a,a
cell_1_control_23,donor_1,D1_control,control,batch_1,lane_3,-0.9141,D1_control_b,b
cell_1_control_24,donor_1,D1_control,control,batch_1,lane_1,0.439,D1_control_a,a
cell_1_control_25,donor_1,D1_control,control,batch_1,lane_2,-1.1859,D1_control_b,b
cell_1_control_26,donor_1,D1_control,control,batch_1,lane_3,0.1396,D1_control_a,a
cell_1_control_27,donor_1,D1_control,control,batch_1,lane_1,-1.2868,D1_control_b,b
cell_1_control_28,donor_1,D1_control,control,batch_1,lane_2,-0.6673,D1_control_a,a
cell_1_control_29,donor_1,D1_control,control,batch_1,lane_3,-2.4834,D1_control_b,b
cell_1_control_30,donor_1,D1_control,control,batch_1,lane_1,-0.4654,D1_control_a,a
cell_1_control_31,donor_1,D1_control,control,batch_1,lane_2,-0.8781,D1_control_b,b
cell_1_control_32,donor_1,D1_control,control,batch_1,lane_3,1.4423,D1_control_a,a
cell_1_control_33,donor_1,D1_control,control,batch_1,lane_1,-0.4918,D1_control_b,b
cell_1_control_34,donor_1,D1_control,control,batch_1,lane_2,0.9844,D1_control_a,a
cell_1_control_35,donor_1,D1_control,control,batch_1,lane_3,-0.6916,D1_control_b,b
cell_1_control_36,donor_1,D1_control,control,batch_1,lane_1,0.6296,D1_control_a,a
cell_1_control_37,donor_1,D1_control,control,batch_1,lane_2,-1.2855,D1_control_b,b
cell_1_control_38,donor_1,D1_control,control,batch_1,lane_3,0.7026,D1_control_a,a
cell_1_control_39,donor_1,D1_control,control,batch_1,lane_1,0.3048,D1_control_b,b
cell_2_treated_0,donor_2,D2_treated,treated,batch_2,lane_1,-1.987,,
cell_2_treated_1,donor_2,D2_treated,treated,batch_2,lane_2,0.6669,,
cell_2_treated_2,donor_2,D2_treated,treated,batch_2,lane_3,-1.0485,,
cell_2_treated_3,donor_2,D2_treated,treated,batch_2,lane_1,-0.3222,,
cell_2_treated_4,donor_2,D2_treated,treated,batch_2,lane_2,-0.4193,,
cell_2_treated_5,donor_2,D2_treated,treated,batch_2,lane_3,-2.4289,,
cell_2_treated_6,donor_2,D2_treated,treated,batch_2,lane_1,1.1403,,
cell_2_treated_7,donor_2,D2_treated,treated,batch_2,lane_2,0.4827,,
cell_2_treated_8,donor_2,D2_treated,treated,batch_2,lane_3,-1.1162,,
cell_2_treated_9,donor_2,D2_treated,treated,batch_2,lane_1,-0.5407,,
cell_2_treated_10,donor_2,D2_treated,treated,batch_2,lane_2,-1.1662,,
cell_2_treated_11,donor_2,D2_treated,treated,batch_2,lane_3,-2.1773,,
cell_2_treated_12,donor_2,D2_treated,treated,batch_2,lane_1,-1.4052,,
cell_2_treated_13,donor_2,D2_treated,treated,batch_2,lane_2,-0.9191,,
cell_2_treated_14,donor_2,D2_treated,treated,batch_2,lane_3,-0.1774,,
cell_2_treated_15,donor_2,D2_treated,treated,batch_2,lane_1,-0.5839,,
cell_2_treated_16,donor_2,D2_treated,treated,batch_2,lane_2,-1.2336,,
cell_2_treated_17,donor_2,D2_treated,treated,batch_2,lane_3,0.0616,,
cell_2_treated_18,donor_2,D2_treated,treated,batch_2,lane_1,-2.0539,,
cell_2_treated_19,donor_2,D2_treated,treated,batch_2,lane_2,-0.5003,,
cell_2_treated_20,donor_2,D2_treated,treated,batch_2,lane_3,-0.181,,
cell_2_treated_21,donor_2,D2_treated,treated,batch_2,lane_1,-1.5852,,
cell_2_treated_22,donor_2,D2_treated,treated,batch_2,lane_2,-3.0838,,
cell_2_treated_23,donor_2,D2_treated,treated,batch_2,lane_3,-2.1995,,
cell_2_treated_24,donor_2,D2_treated,treated,batch_2,lane_1,-1.0561,,
cell_2_treated_25,donor_2,D2_treated,treated,batch_2,lane_2,-0.7653,,
cell_2_treated_26,donor_2,D2_treated,treated,batch_2,lane_3,0.2551,,
cell_2_treated_27,donor_2,D2_treated,treated,batch_2,lane_1,-2.2973,,
cell_2_treated_28,donor_2,D2_treated,treated,batch_2,lane_2,-1.2911,,
cell_2_treated_29,donor_2,D2_treated,treated,batch_2,lane_3,-0.6444,,
cell_2_treated_30,donor_2,D2_treated,treated,batch_2,lane_1,-1.4509,,
cell_2_treated_31,donor_2,D2_treated,treated,batch_2,lane_2,-3.6629,,
cell_2_treated_32,donor_2,D2_treated,treated,batch_2,lane_3,-0.4867,,
cell_2_treated_33,donor_2,D2_treated,treated,batch_2,lane_1,1.0191,,
cell_2_treated_34,donor_2,D2_treated,treated,batch_2,lane_2,-0.2888,,
cell_2_treated_35,donor_2,D2_treated,treated,batch_2,lane_3,-2.2106,,
cell_2_treated_36,donor_2,D2_treated,treated,batch_2,lane_1,-1.7055,,
cell_2_treated_37,donor_2,D2_treated,treated,batch_2,lane_2,-1.0713,,
cell_2_treated_38,donor_2,D2_treated,treated,batch_2,lane_3,1.1959,,
cell_2_treated_39,donor_2,D2_treated,treated,batch_2,lane_1,-0.6758,,
cell_2_control_0,donor_2,D2_control,control,batch_2,lane_1,1.1205,D2_control_a,a
cell_2_control_1,donor_2,D2_control,control,batch_2,lane_2,1.1643,D2_control_b,b
cell_2_control_2,donor_2,D2_control,control,batch_2,lane_3,0.9251,D2_control_a,a
cell_2_control_3,donor_2,D2_control,control,batch_2,lane_1,1.4682,D2_control_b,b
cell_2_control_4,donor_2,D2_control,control,batch_2,lane_2,0.3218,D2_control_a,a
cell_2_control_5,donor_2,D2_control,control,batch_2,lane_3,-0.868,D2_control_b,b
cell_2_control_6,donor_2,D2_control,control,batch_2,lane_1,1.7277,D2_control_a,a
cell_2_control_7,donor_2,D2_control,control,batch_2,lane_2,1.0312,D2_control_b,b
cell_2_control_8,donor_2,D2_control,control,batch_2,lane_3,1.6608,D2_control_a,a
cell_2_control_9,donor_2,D2_control,control,batch_2,lane_1,-0.0916,D2_control_b,b
cell_2_control_10,donor_2,D2_control,control,batch_2,lane_2,-0.8148,D2_control_a,a
cell_2_control_11,donor_2,D2_control,control,batch_2,lane_3,-1.106,D2_control_b,b
cell_2_control_12,donor_2,D2_control,control,batch_2,lane_1,0.3962,D2_control_a,a
cell_2_control_13,donor_2,D2_control,control,batch_2,lane_2,-0.9268,D2_control_b,b
cell_2_control_14,donor_2,D2_control,control,batch_2,lane_3,1.5933,D2_control_a,a
cell_2_control_15,donor_2,D2_control,control,batch_2,lane_1,-0.7283,D2_control_b,b
cell_2_control_16,donor_2,D2_control,control,batch_2,lane_2,1.7945,D2_control_a,a
cell_2_control_17,donor_2,D2_control,control,batch_2,lane_3,-0.3108,D2_control_b,b
cell_2_control_18,donor_2,D2_control,control,batch_2,lane_1,0.674,D2_control_a,a
cell_2_control_19,donor_2,D2_control,control,batch_2,lane_2,-0.275,D2_control_b,b
cell_2_control_20,donor_2,D2_control,control,batch_2,lane_3,1.4356,D2_control_a,a
cell_2_control_21,donor_2,D2_control,control,batch_2,lane_1,0.465,D2_control_b,b
cell_2_control_22,donor_2,D2_control,control,batch_2,lane_2,0.5293,D2_control_a,a
cell_2_control_23,donor_2,D2_control,control,batch_2,lane_3,-0.6259,D2_control_b,b
cell_2_control_24,donor_2,D2_control,control,batch_2,lane_1,-0.3568,D2_control_a,a
cell_2_control_25,donor_2,D2_control,control,batch_2,lane_2,1.2107,D2_control_b,b
cell_2_control_26,donor_2,D2_control,control,batch_2,lane_3,2.4586,D2_control_a,a
cell_2_control_27,donor_2,D2_control,control,batch_2,lane_1,-0.572,D2_control_b,b
cell_2_control_28,donor_2,D2_control,control,batch_2,lane_2,0.5285,D2_control_a,a
cell_2_control_29,donor_2,D2_control,control,batch_2,lane_3,-1.629,D2_control_b,b
cell_2_control_30,donor_2,D2_control,control,batch_2,lane_1,1.1767,D2_control_a,a
cell_2_control_31,donor_2,D2_control,control,batch_2,lane_2,-0.1869,D2_control_b,b
cell_2_control_32,donor_2,D2_control,control,batch_2,lane_3,3.1886,D2_control_a,a
cell_2_control_33,donor_2,D2_control,control,batch_2,lane_1,-0.1468,D2_control_b,b
cell_2_control_34,donor_2,D2_control,control,batch_2,lane_2,0.229,D2_control_a,a
cell_2_control_35,donor_2,D2_control,control,batch_2,lane_3,-2.8378,D2_control_b,b
cell_2_control_36,donor_2,D2_control,control,batch_2,lane_1,2.4162,D2_control_a,a
cell_2_control_37,donor_2,D2_control,control,batch_2,lane_2,-0.2038,D2_control_b,b
cell_2_control_38,donor_2,D2_control,control,batch_2,lane_3,-0.6024,D2_control_a,a
cell_2_control_39,donor_2,D2_control,control,batch_2,lane_1,-0.2128,D2_control_b,b
cell_3_treated_0,donor_3,D3_treated,treated,batch_1,lane_1,0.6501,,
cell_3_treated_1,donor_3,D3_treated,treated,batch_1,lane_2,-1.7114,,
cell_3_treated_2,donor_3,D3_treated,treated,batch_1,lane_3,-2.2578,,
cell_3_treated_3,donor_3,D3_treated,treated,batch_1,lane_1,-3.0054,,
cell_3_treated_4,donor_3,D3_treated,treated,batch_1,lane_2,-4.97,,
cell_3_treated_5,donor_3,D3_treated,treated,batch_1,lane_3,-2.9567,,
cell_3_treated_6,donor_3,D3_treated,treated,batch_1,lane_1,-4.3849,,
cell_3_treated_7,donor_3,D3_treated,treated,batch_1,lane_2,-2.2341,,
cell_3_treated_8,donor_3,D3_treated,treated,batch_1,lane_3,-4.9692,,
cell_3_treated_9,donor_3,D3_treated,treated,batch_1,lane_1,-3.738,,
cell_3_treated_10,donor_3,D3_treated,treated,batch_1,lane_2,-1.6107,,
cell_3_treated_11,donor_3,D3_treated,treated,batch_1,lane_3,-1.1864,,
cell_3_treated_12,donor_3,D3_treated,treated,batch_1,lane_1,-4.0115,,
cell_3_treated_13,donor_3,D3_treated,treated,batch_1,lane_2,-4.3643,,
cell_3_treated_14,donor_3,D3_treated,treated,batch_1,lane_3,-1.9509,,
cell_3_treated_15,donor_3,D3_treated,treated,batch_1,lane_1,-1.9772,,
cell_3_treated_16,donor_3,D3_treated,treated,batch_1,lane_2,-3.8169,,
cell_3_treated_17,donor_3,D3_treated,treated,batch_1,lane_3,-3.5246,,
cell_3_treated_18,donor_3,D3_treated,treated,batch_1,lane_1,-3.5242,,
cell_3_treated_19,donor_3,D3_treated,treated,batch_1,lane_2,-4.0197,,
cell_3_treated_20,donor_3,D3_treated,treated,batch_1,lane_3,-3.5105,,
cell_3_treated_21,donor_3,D3_treated,treated,batch_1,lane_1,-1.5796,,
cell_3_treated_22,donor_3,D3_treated,treated,batch_1,lane_2,-2.1406,,
cell_3_treated_23,donor_3,D3_treated,treated,batch_1,lane_3,-0.7737,,
cell_3_treated_24,donor_3,D3_treated,treated,batch_1,lane_1,-2.9166,,
cell_3_treated_25,donor_3,D3_treated,treated,batch_1,lane_2,-2.9657,,
cell_3_treated_26,donor_3,D3_treated,treated,batch_1,lane_3,-3.8127,,
cell_3_treated_27,donor_3,D3_treated,treated,batch_1,lane_1,-2.9541,,
cell_3_treated_28,donor_3,D3_treated,treated,batch_1,lane_2,-4.1434,,
cell_3_treated_29,donor_3,D3_treated,treated,batch_1,lane_3,-4.6077,,
cell_3_treated_30,donor_3,D3_treated,treated,batch_1,lane_1,-2.1333,,
cell_3_treated_31,donor_3,D3_treated,treated,batch_1,lane_2,-1.3902,,
cell_3_treated_32,donor_3,D3_treated,treated,batch_1,lane_3,-1.9934,,
cell_3_treated_33,donor_3,D3_treated,treated,batch_1,lane_1,-1.4979,,
cell_3_treated_34,donor_3,D3_treated,treated,batch_1,lane_2,-2.5779,,
cell_3_treated_35,donor_3,D3_treated,treated,batch_1,lane_3,-3.5485,,
cell_3_treated_36,donor_3,D3_treated,treated,batch_1,lane_1,-2.7439,,
cell_3_treated_37,donor_3,D3_treated,treated,batch_1,lane_2,-3.2043,,
cell_3_treated_38,donor_3,D3_treated,treated,batch_1,lane_3,-3.9418,,
cell_3_treated_39,donor_3,D3_treated,treated,batch_1,lane_1,-4.5228,,
cell_3_control_0,donor_3,D3_control,control,batch_1,lane_1,-2.0131,D3_control_a,a
cell_3_control_1,donor_3,D3_control,control,batch_1,lane_2,-1.9358,D3_control_b,b
cell_3_control_2,donor_3,D3_control,control,batch_1,lane_3,-0.3796,D3_control_a,a
cell_3_control_3,donor_3,D3_control,control,batch_1,lane_1,-2.4049,D3_control_b,b
cell_3_control_4,donor_3,D3_control,control,batch_1,lane_2,0.8987,D3_control_a,a
cell_3_control_5,donor_3,D3_control,control,batch_1,lane_3,-1.7513,D3_control_b,b
cell_3_control_6,donor_3,D3_control,control,batch_1,lane_1,0.0525,D3_control_a,a
cell_3_control_7,donor_3,D3_control,control,batch_1,lane_2,-0.7117,D3_control_b,b
cell_3_control_8,donor_3,D3_control,control,batch_1,lane_3,-1.3504,D3_control_a,a
cell_3_control_9,donor_3,D3_control,control,batch_1,lane_1,-3.9001,D3_control_b,b
cell_3_control_10,donor_3,D3_control,control,batch_1,lane_2,0.2221,D3_control_a,a
cell_3_control_11,donor_3,D3_control,control,batch_1,lane_3,-2.6187,D3_control_b,b
cell_3_control_12,donor_3,D3_control,control,batch_1,lane_1,0.7807,D3_control_a,a
cell_3_control_13,donor_3,D3_control,control,batch_1,lane_2,-1.5927,D3_control_b,b
cell_3_control_14,donor_3,D3_control,control,batch_1,lane_3,0.4764,D3_control_a,a
cell_3_control_15,donor_3,D3_control,control,batch_1,lane_1,-1.1666,D3_control_b,b
cell_3_control_16,donor_3,D3_control,control,batch_1,lane_2,-2.6109,D3_control_a,a
cell_3_control_17,donor_3,D3_control,control,batch_1,lane_3,-1.2111,D3_control_b,b
cell_3_control_18,donor_3,D3_control,control,batch_1,lane_1,-1.2034,D3_control_a,a
cell_3_control_19,donor_3,D3_control,control,batch_1,lane_2,-2.6864,D3_control_b,b
cell_3_control_20,donor_3,D3_control,control,batch_1,lane_3,-0.9654,D3_control_a,a
cell_3_control_21,donor_3,D3_control,control,batch_1,lane_1,-1.1621,D3_control_b,b
cell_3_control_22,donor_3,D3_control,control,batch_1,lane_2,0.3541,D3_control_a,a
cell_3_control_23,donor_3,D3_control,control,batch_1,lane_3,-0.919,D3_control_b,b
cell_3_control_24,donor_3,D3_control,control,batch_1,lane_1,-2.19,D3_control_a,a
cell_3_control_25,donor_3,D3_control,control,batch_1,lane_2,-2.5209,D3_control_b,b
cell_3_control_26,donor_3,D3_control,control,batch_1,lane_3,-2.9057,D3_control_a,a
cell_3_control_27,donor_3,D3_control,control,batch_1,lane_1,-2.0323,D3_control_b,b
cell_3_control_28,donor_3,D3_control,control,batch_1,lane_2,0.0698,D3_control_a,a
cell_3_control_29,donor_3,D3_control,control,batch_1,lane_3,-2.6943,D3_control_b,b
cell_3_control_30,donor_3,D3_control,control,batch_1,lane_1,-0.2855,D3_control_a,a
cell_3_control_31,donor_3,D3_control,control,batch_1,lane_2,-1.6989,D3_control_b,b
cell_3_control_32,donor_3,D3_control,control,batch_1,lane_3,0.4773,D3_control_a,a
cell_3_control_33,donor_3,D3_control,control,batch_1,lane_1,-2.7517,D3_control_b,b
cell_3_control_34,donor_3,D3_control,control,batch_1,lane_2,-1.3593,D3_control_a,a
cell_3_control_35,donor_3,D3_control,control,batch_1,lane_3,-2.6936,D3_control_b,b
cell_3_control_36,donor_3,D3_control,control,batch_1,lane_1,1.2223,D3_control_a,a
cell_3_control_37,donor_3,D3_control,control,batch_1,lane_2,-0.8397,D3_control_b,b
cell_3_control_38,donor_3,D3_control,control,batch_1,lane_3,-0.6539,D3_control_a,a
cell_3_control_39,donor_3,D3_control,control,batch_1,lane_1,-1.7047,D3_control_b,b
cell_4_treated_0,donor_4,D4_treated,treated,batch_2,lane_1,-0.5597,,
cell_4_treated_1,donor_4,D4_treated,treated,batch_2,lane_2,-0.9714,,
cell_4_treated_2,donor_4,D4_treated,treated,batch_2,lane_3,-1.0969,,
cell_4_treated_3,donor_4,D4_treated,treated,batch_2,lane_1,-2.0193,,
cell_4_treated_4,donor_4,D4_treated,treated,batch_2,lane_2,-1.4046,,
cell_4_treated_5,donor_4,D4_treated,treated,batch_2,lane_3,0.8877,,
cell_4_treated_6,donor_4,D4_treated,treated,batch_2,lane_1,-0.2262,,
cell_4_treated_7,donor_4,D4_treated,treated,batch_2,lane_2,-0.698,,
cell_4_treated_8,donor_4,D4_treated,treated,batch_2,lane_3,-0.9776,,
cell_4_treated_9,donor_4,D4_treated,treated,batch_2,lane_1,-0.7001,,
cell_4_treated_10,donor_4,D4_treated,treated,batch_2,lane_2,-0.4094,,
cell_4_treated_11,donor_4,D4_treated,treated,batch_2,lane_3,-1.4087,,
cell_4_treated_12,donor_4,D4_treated,treated,batch_2,lane_1,-0.5664,,
cell_4_treated_13,donor_4,D4_treated,treated,batch_2,lane_2,-0.5227,,
cell_4_treated_14,donor_4,D4_treated,treated,batch_2,lane_3,-1.5113,,
cell_4_treated_15,donor_4,D4_treated,treated,batch_2,lane_1,-1.5517,,
cell_4_treated_16,donor_4,D4_treated,treated,batch_2,lane_2,-1.7617,,
cell_4_treated_17,donor_4,D4_treated,treated,batch_2,lane_3,-1.8261,,
cell_4_treated_18,donor_4,D4_treated,treated,batch_2,lane_1,0.1271,,
cell_4_treated_19,donor_4,D4_treated,treated,batch_2,lane_2,-3.1229,,
cell_4_treated_20,donor_4,D4_treated,treated,batch_2,lane_3,-1.0295,,
cell_4_treated_21,donor_4,D4_treated,treated,batch_2,lane_1,-1.3739,,
cell_4_treated_22,donor_4,D4_treated,treated,batch_2,lane_2,-1.3826,,
cell_4_treated_23,donor_4,D4_treated,treated,batch_2,lane_3,-0.6651,,
cell_4_treated_24,donor_4,D4_treated,treated,batch_2,lane_1,0.3652,,
cell_4_treated_25,donor_4,D4_treated,treated,batch_2,lane_2,-0.6863,,
cell_4_treated_26,donor_4,D4_treated,treated,batch_2,lane_3,-0.903,,
cell_4_treated_27,donor_4,D4_treated,treated,batch_2,lane_1,-1.3751,,
cell_4_treated_28,donor_4,D4_treated,treated,batch_2,lane_2,-0.8917,,
cell_4_treated_29,donor_4,D4_treated,treated,batch_2,lane_3,0.1493,,
cell_4_treated_30,donor_4,D4_treated,treated,batch_2,lane_1,-1.1568,,
cell_4_treated_31,donor_4,D4_treated,treated,batch_2,lane_2,-1.9092,,
cell_4_treated_32,donor_4,D4_treated,treated,batch_2,lane_3,-2.0269,,
cell_4_treated_33,donor_4,D4_treated,treated,batch_2,lane_1,-1.8695,,
cell_4_treated_34,donor_4,D4_treated,treated,batch_2,lane_2,-2.1527,,
cell_4_treated_35,donor_4,D4_treated,treated,batch_2,lane_3,0.3363,,
cell_4_treated_36,donor_4,D4_treated,treated,batch_2,lane_1,-0.4076,,
cell_4_treated_37,donor_4,D4_treated,treated,batch_2,lane_2,-1.0001,,
cell_4_treated_38,donor_4,D4_treated,treated,batch_2,lane_3,0.6968,,
cell_4_treated_39,donor_4,D4_treated,treated,batch_2,lane_1,-1.4206,,
cell_4_control_0,donor_4,D4_control,control,batch_2,lane_1,2.2903,D4_control_a,a
cell_4_control_1,donor_4,D4_control,control,batch_2,lane_2,0.9382,D4_control_b,b
cell_4_control_2,donor_4,D4_control,control,batch_2,lane_3,-0.009,D4_control_a,a
cell_4_control_3,donor_4,D4_control,control,batch_2,lane_1,-1.4197,D4_control_b,b
cell_4_control_4,donor_4,D4_control,control,batch_2,lane_2,0.6098,D4_control_a,a
cell_4_control_5,donor_4,D4_control,control,batch_2,lane_3,1.044,D4_control_b,b
cell_4_control_6,donor_4,D4_control,control,batch_2,lane_1,2.8334,D4_control_a,a
cell_4_control_7,donor_4,D4_control,control,batch_2,lane_2,-1.0903,D4_control_b,b
cell_4_control_8,donor_4,D4_control,control,batch_2,lane_3,2.5858,D4_control_a,a
cell_4_control_9,donor_4,D4_control,control,batch_2,lane_1,-0.2458,D4_control_b,b
cell_4_control_10,donor_4,D4_control,control,batch_2,lane_2,1.1438,D4_control_a,a
cell_4_control_11,donor_4,D4_control,control,batch_2,lane_3,-0.4139,D4_control_b,b
cell_4_control_12,donor_4,D4_control,control,batch_2,lane_1,1.2133,D4_control_a,a
cell_4_control_13,donor_4,D4_control,control,batch_2,lane_2,-1.6811,D4_control_b,b
cell_4_control_14,donor_4,D4_control,control,batch_2,lane_3,0.536,D4_control_a,a
cell_4_control_15,donor_4,D4_control,control,batch_2,lane_1,-1.0984,D4_control_b,b
cell_4_control_16,donor_4,D4_control,control,batch_2,lane_2,2.0278,D4_control_a,a
cell_4_control_17,donor_4,D4_control,control,batch_2,lane_3,2.2263,D4_control_b,b
cell_4_control_18,donor_4,D4_control,control,batch_2,lane_1,4.2691,D4_control_a,a
cell_4_control_19,donor_4,D4_control,control,batch_2,lane_2,-0.1993,D4_control_b,b
cell_4_control_20,donor_4,D4_control,control,batch_2,lane_3,-0.1841,D4_control_a,a
cell_4_control_21,donor_4,D4_control,control,batch_2,lane_1,-0.2698,D4_control_b,b
cell_4_control_22,donor_4,D4_control,control,batch_2,lane_2,0.598,D4_control_a,a
cell_4_control_23,donor_4,D4_control,control,batch_2,lane_3,2.1205,D4_control_b,b
cell_4_control_24,donor_4,D4_control,control,batch_2,lane_1,2.1082,D4_control_a,a
cell_4_control_25,donor_4,D4_control,control,batch_2,lane_2,-0.5914,D4_control_b,b
cell_4_control_26,donor_4,D4_control,control,batch_2,lane_3,2.473,D4_control_a,a
cell_4_control_27,donor_4,D4_control,control,batch_2,lane_1,0.6731,D4_control_b,b
cell_4_control_28,donor_4,D4_control,control,batch_2,lane_2,-0.088,D4_control_a,a
cell_4_control_29,donor_4,D4_control,control,batch_2,lane_3,-0.3942,D4_control_b,b
cell_4_control_30,donor_4,D4_control,control,batch_2,lane_1,1.2979,D4_control_a,a
cell_4_control_31,donor_4,D4_control,control,batch_2,lane_2,0.1562,D4_control_b,b
cell_4_control_32,donor_4,D4_control,control,batch_2,lane_3,1.6694,D4_control_a,a
cell_4_control_33,donor_4,D4_control,control,batch_2,lane_1,-0.2018,D4_control_b,b
cell_4_control_34,donor_4,D4_control,control,batch_2,lane_2,1.7271,D4_control_a,a
cell_4_control_35,donor_4,D4_control,control,batch_2,lane_3,-0.4489,D4_control_b,b
cell_4_control_36,donor_4,D4_control,control,batch_2,lane_1,0.6407,D4_control_a,a
cell_4_control_37,donor_4,D4_control,control,batch_2,lane_2,1.6531,D4_control_b,b
cell_4_control_38,donor_4,D4_control,control,batch_2,lane_3,1.8975,D4_control_a,a
cell_4_control_39,donor_4,D4_control,control,batch_2,lane_1,0.5756,D4_control_b,b
cell_5_treated_0,donor_5,D5_treated,treated,batch_1,lane_1,-2.9802,,
cell_5_treated_1,donor_5,D5_treated,treated,batch_1,lane_2,-1.9948,,
cell_5_treated_2,donor_5,D5_treated,treated,batch_1,lane_3,-4.1052,,
cell_5_treated_3,donor_5,D5_treated,treated,batch_1,lane_1,-1.7162,,
cell_5_treated_4,donor_5,D5_treated,treated,batch_1,lane_2,-3.2034,,
cell_5_treated_5,donor_5,D5_treated,treated,batch_1,lane_3,-2.4113,,
cell_5_treated_6,donor_5,D5_treated,treated,batch_1,lane_1,-2.9472,,
cell_5_treated_7,donor_5,D5_treated,treated,batch_1,lane_2,-2.5955,,
cell_5_treated_8,donor_5,D5_treated,treated,batch_1,lane_3,-1.6106,,
cell_5_treated_9,donor_5,D5_treated,treated,batch_1,lane_1,-3.2174,,
cell_5_treated_10,donor_5,D5_treated,treated,batch_1,lane_2,-1.2496,,
cell_5_treated_11,donor_5,D5_treated,treated,batch_1,lane_3,-3.5959,,
cell_5_treated_12,donor_5,D5_treated,treated,batch_1,lane_1,-3.7457,,
cell_5_treated_13,donor_5,D5_treated,treated,batch_1,lane_2,-2.1029,,
cell_5_treated_14,donor_5,D5_treated,treated,batch_1,lane_3,-3.8799,,
cell_5_treated_15,donor_5,D5_treated,treated,batch_1,lane_1,-3.1844,,
cell_5_treated_16,donor_5,D5_treated,treated,batch_1,lane_2,-1.9069,,
cell_5_treated_17,donor_5,D5_treated,treated,batch_1,lane_3,-1.6035,,
cell_5_treated_18,donor_5,D5_treated,treated,batch_1,lane_1,-4.5889,,
cell_5_treated_19,donor_5,D5_treated,treated,batch_1,lane_2,-2.308,,
cell_5_treated_20,donor_5,D5_treated,treated,batch_1,lane_3,-0.9302,,
cell_5_treated_21,donor_5,D5_treated,treated,batch_1,lane_1,-1.619,,
cell_5_treated_22,donor_5,D5_treated,treated,batch_1,lane_2,-3.0541,,
cell_5_treated_23,donor_5,D5_treated,treated,batch_1,lane_3,-3.4146,,
cell_5_treated_24,donor_5,D5_treated,treated,batch_1,lane_1,-3.1105,,
cell_5_treated_25,donor_5,D5_treated,treated,batch_1,lane_2,-3.9668,,
cell_5_treated_26,donor_5,D5_treated,treated,batch_1,lane_3,-3.0785,,
cell_5_treated_27,donor_5,D5_treated,treated,batch_1,lane_1,-3.0012,,
cell_5_treated_28,donor_5,D5_treated,treated,batch_1,lane_2,-2.9597,,
cell_5_treated_29,donor_5,D5_treated,treated,batch_1,lane_3,-1.6314,,
cell_5_treated_30,donor_5,D5_treated,treated,batch_1,lane_1,-3.0441,,
cell_5_treated_31,donor_5,D5_treated,treated,batch_1,lane_2,-4.2717,,
cell_5_treated_32,donor_5,D5_treated,treated,batch_1,lane_3,-1.763,,
cell_5_treated_33,donor_5,D5_treated,treated,batch_1,lane_1,-3.8867,,
cell_5_treated_34,donor_5,D5_treated,treated,batch_1,lane_2,-3.2612,,
cell_5_treated_35,donor_5,D5_treated,treated,batch_1,lane_3,-2.9478,,
cell_5_treated_36,donor_5,D5_treated,treated,batch_1,lane_1,-3.1581,,
cell_5_treated_37,donor_5,D5_treated,treated,batch_1,lane_2,-3.817,,
cell_5_treated_38,donor_5,D5_treated,treated,batch_1,lane_3,-3.0629,,
cell_5_treated_39,donor_5,D5_treated,treated,batch_1,lane_1,-0.6298,,
cell_5_control_0,donor_5,D5_control,control,batch_1,lane_1,-1.1209,D5_control_a,a
cell_5_control_1,donor_5,D5_control,control,batch_1,lane_2,-2.0503,D5_control_b,b
cell_5_control_2,donor_5,D5_control,control,batch_1,lane_3,0.6099,D5_control_a,a
cell_5_control_3,donor_5,D5_control,control,batch_1,lane_1,-1.1693,D5_control_b,b
cell_5_control_4,donor_5,D5_control,control,batch_1,lane_2,0.2493,D5_control_a,a
cell_5_control_5,donor_5,D5_control,control,batch_1,lane_3,-1.0518,D5_control_b,b
cell_5_control_6,donor_5,D5_control,control,batch_1,lane_1,-2.482,D5_control_a,a
cell_5_control_7,donor_5,D5_control,control,batch_1,lane_2,-2.7781,D5_control_b,b
cell_5_control_8,donor_5,D5_control,control,batch_1,lane_3,-0.3856,D5_control_a,a
cell_5_control_9,donor_5,D5_control,control,batch_1,lane_1,-1.4151,D5_control_b,b
cell_5_control_10,donor_5,D5_control,control,batch_1,lane_2,0.7804,D5_control_a,a
cell_5_control_11,donor_5,D5_control,control,batch_1,lane_3,-1.4444,D5_control_b,b
cell_5_control_12,donor_5,D5_control,control,batch_1,lane_1,-0.7522,D5_control_a,a
cell_5_control_13,donor_5,D5_control,control,batch_1,lane_2,-1.8747,D5_control_b,b
cell_5_control_14,donor_5,D5_control,control,batch_1,lane_3,-0.7251,D5_control_a,a
cell_5_control_15,donor_5,D5_control,control,batch_1,lane_1,-1.6669,D5_control_b,b
cell_5_control_16,donor_5,D5_control,control,batch_1,lane_2,0.1603,D5_control_a,a
cell_5_control_17,donor_5,D5_control,control,batch_1,lane_3,-2.2538,D5_control_b,b
cell_5_control_18,donor_5,D5_control,control,batch_1,lane_1,-1.3276,D5_control_a,a
cell_5_control_19,donor_5,D5_control,control,batch_1,lane_2,-2.7687,D5_control_b,b
cell_5_control_20,donor_5,D5_control,control,batch_1,lane_3,0.583,D5_control_a,a
cell_5_control_21,donor_5,D5_control,control,batch_1,lane_1,-0.633,D5_control_b,b
cell_5_control_22,donor_5,D5_control,control,batch_1,lane_2,0.4782,D5_control_a,a
cell_5_control_23,donor_5,D5_control,control,batch_1,lane_3,-1.0571,D5_control_b,b
cell_5_control_24,donor_5,D5_control,control,batch_1,lane_1,0.3193,D5_control_a,a
cell_5_control_25,donor_5,D5_control,control,batch_1,lane_2,-1.9163,D5_control_b,b
cell_5_control_26,donor_5,D5_control,control,batch_1,lane_3,0.1498,D5_control_a,a
cell_5_control_27,donor_5,D5_control,control,batch_1,lane_1,-2.9661,D5_control_b,b
cell_5_control_28,donor_5,D5_control,control,batch_1,lane_2,-0.7171,D5_control_a,a
cell_5_control_29,donor_5,D5_control,control,batch_1,lane_3,-2.6477,D5_control_b,b
cell_5_control_30,donor_5,D5_control,control,batch_1,lane_1,0.213,D5_control_a,a
cell_5_control_31,donor_5,D5_control,control,batch_1,lane_2,-2.4939,D5_control_b,b
cell_5_control_32,donor_5,D5_control,control,batch_1,lane_3,-0.6221,D5_control_a,a
cell_5_control_33,donor_5,D5_control,control,batch_1,lane_1,-1.5136,D5_control_b,b
cell_5_control_34,donor_5,D5_control,control,batch_1,lane_2,0.8408,D5_control_a,a
cell_5_control_35,donor_5,D5_control,control,batch_1,lane_3,-2.7059,D5_control_b,b
cell_5_control_36,donor_5,D5_control,control,batch_1,lane_1,-1.4527,D5_control_a,a
cell_5_control_37,donor_5,D5_control,control,batch_1,lane_2,-1.0967,D5_control_b,b
cell_5_control_38,donor_5,D5_control,control,batch_1,lane_3,-1.6204,D5_control_a,a
cell_5_control_39,donor_5,D5_control,control,batch_1,lane_1,-1.4616,D5_control_b,b
cell_6_treated_0,donor_6,D6_treated,treated,batch_2,lane_1,-1.6898,,
cell_6_treated_1,donor_6,D6_treated,treated,batch_2,lane_2,-3.405,,
cell_6_treated_2,donor_6,D6_treated,treated,batch_2,lane_3,-0.8706,,
cell_6_treated_3,donor_6,D6_treated,treated,batch_2,lane_1,-2.0843,,
cell_6_treated_4,donor_6,D6_treated,treated,batch_2,lane_2,-2.4827,,
cell_6_treated_5,donor_6,D6_treated,treated,batch_2,lane_3,0.493,,
cell_6_treated_6,donor_6,D6_treated,treated,batch_2,lane_1,-0.8722,,
cell_6_treated_7,donor_6,D6_treated,treated,batch_2,lane_2,1.9247,,
cell_6_treated_8,donor_6,D6_treated,treated,batch_2,lane_3,-1.1762,,
cell_6_treated_9,donor_6,D6_treated,treated,batch_2,lane_1,-1.9323,,
cell_6_treated_10,donor_6,D6_treated,treated,batch_2,lane_2,-1.4764,,
cell_6_treated_11,donor_6,D6_treated,treated,batch_2,lane_3,0.0227,,
cell_6_treated_12,donor_6,D6_treated,treated,batch_2,lane_1,-1.611,,
cell_6_treated_13,donor_6,D6_treated,treated,batch_2,lane_2,-1.1331,,
cell_6_treated_14,donor_6,D6_treated,treated,batch_2,lane_3,-1.0675,,
cell_6_treated_15,donor_6,D6_treated,treated,batch_2,lane_1,-2.4942,,
cell_6_treated_16,donor_6,D6_treated,treated,batch_2,lane_2,-1.4552,,
cell_6_treated_17,donor_6,D6_treated,treated,batch_2,lane_3,-2.0868,,
cell_6_treated_18,donor_6,D6_treated,treated,batch_2,lane_1,-2.8296,,
cell_6_treated_19,donor_6,D6_treated,treated,batch_2,lane_2,-0.712,,
cell_6_treated_20,donor_6,D6_treated,treated,batch_2,lane_3,-0.9185,,
cell_6_treated_21,donor_6,D6_treated,treated,batch_2,lane_1,-1.5095,,
cell_6_treated_22,donor_6,D6_treated,treated,batch_2,lane_2,-2.4915,,
cell_6_treated_23,donor_6,D6_treated,treated,batch_2,lane_3,-3.5899,,
cell_6_treated_24,donor_6,D6_treated,treated,batch_2,lane_1,-1.0986,,
cell_6_treated_25,donor_6,D6_treated,treated,batch_2,lane_2,-1.6818,,
cell_6_treated_26,donor_6,D6_treated,treated,batch_2,lane_3,-3.2679,,
cell_6_treated_27,donor_6,D6_treated,treated,batch_2,lane_1,-1.6442,,
cell_6_treated_28,donor_6,D6_treated,treated,batch_2,lane_2,-3.1053,,
cell_6_treated_29,donor_6,D6_treated,treated,batch_2,lane_3,-1.6107,,
cell_6_treated_30,donor_6,D6_treated,treated,batch_2,lane_1,-1.441,,
cell_6_treated_31,donor_6,D6_treated,treated,batch_2,lane_2,-1.2293,,
cell_6_treated_32,donor_6,D6_treated,treated,batch_2,lane_3,-1.3671,,
cell_6_treated_33,donor_6,D6_treated,treated,batch_2,lane_1,-1.4132,,
cell_6_treated_34,donor_6,D6_treated,treated,batch_2,lane_2,-2.724,,
cell_6_treated_35,donor_6,D6_treated,treated,batch_2,lane_3,-1.9677,,
cell_6_treated_36,donor_6,D6_treated,treated,batch_2,lane_1,-2.0954,,
cell_6_treated_37,donor_6,D6_treated,treated,batch_2,lane_2,-1.8198,,
cell_6_treated_38,donor_6,D6_treated,treated,batch_2,lane_3,-1.3141,,
cell_6_treated_39,donor_6,D6_treated,treated,batch_2,lane_1,-0.9651,,
cell_6_control_0,donor_6,D6_control,control,batch_2,lane_1,2.3509,D6_control_a,a
cell_6_control_1,donor_6,D6_control,control,batch_2,lane_2,-3.2528,D6_control_b,b
cell_6_control_2,donor_6,D6_control,control,batch_2,lane_3,1.117,D6_control_a,a
cell_6_control_3,donor_6,D6_control,control,batch_2,lane_1,-0.8825,D6_control_b,b
cell_6_control_4,donor_6,D6_control,control,batch_2,lane_2,2.992,D6_control_a,a
cell_6_control_5,donor_6,D6_control,control,batch_2,lane_3,0.2494,D6_control_b,b
cell_6_control_6,donor_6,D6_control,control,batch_2,lane_1,-0.9372,D6_control_a,a
cell_6_control_7,donor_6,D6_control,control,batch_2,lane_2,-0.2825,D6_control_b,b
cell_6_control_8,donor_6,D6_control,control,batch_2,lane_3,0.1952,D6_control_a,a
cell_6_control_9,donor_6,D6_control,control,batch_2,lane_1,0.3095,D6_control_b,b
cell_6_control_10,donor_6,D6_control,control,batch_2,lane_2,-0.3396,D6_control_a,a
cell_6_control_11,donor_6,D6_control,control,batch_2,lane_3,-0.7858,D6_control_b,b
cell_6_control_12,donor_6,D6_control,control,batch_2,lane_1,0.5844,D6_control_a,a
cell_6_control_13,donor_6,D6_control,control,batch_2,lane_2,-0.7808,D6_control_b,b
cell_6_control_14,donor_6,D6_control,control,batch_2,lane_3,0.1319,D6_control_a,a
cell_6_control_15,donor_6,D6_control,control,batch_2,lane_1,-2.522,D6_control_b,b
cell_6_control_16,donor_6,D6_control,control,batch_2,lane_2,1.1763,D6_control_a,a
cell_6_control_17,donor_6,D6_control,control,batch_2,lane_3,0.315,D6_control_b,b
cell_6_control_18,donor_6,D6_control,control,batch_2,lane_1,0.6476,D6_control_a,a
cell_6_control_19,donor_6,D6_control,control,batch_2,lane_2,-1.7013,D6_control_b,b
cell_6_control_20,donor_6,D6_control,control,batch_2,lane_3,0.9189,D6_control_a,a
cell_6_control_21,donor_6,D6_control,control,batch_2,lane_1,-0.1187,D6_control_b,b
cell_6_control_22,donor_6,D6_control,control,batch_2,lane_2,0.5402,D6_control_a,a
cell_6_control_23,donor_6,D6_control,control,batch_2,lane_3,-0.698,D6_control_b,b
cell_6_control_24,donor_6,D6_control,control,batch_2,lane_1,2.1247,D6_control_a,a
cell_6_control_25,donor_6,D6_control,control,batch_2,lane_2,-1.8028,D6_control_b,b
cell_6_control_26,donor_6,D6_control,control,batch_2,lane_3,0.158,D6_control_a,a
cell_6_control_27,donor_6,D6_control,control,batch_2,lane_1,-2.5897,D6_control_b,b
cell_6_control_28,donor_6,D6_control,control,batch_2,lane_2,0.0161,D6_control_a,a
cell_6_control_29,donor_6,D6_control,control,batch_2,lane_3,-1.4236,D6_control_b,b
cell_6_control_30,donor_6,D6_control,control,batch_2,lane_1,-0.2443,D6_control_a,a
cell_6_control_31,donor_6,D6_control,control,batch_2,lane_2,-1.3781,D6_control_b,b
cell_6_control_32,donor_6,D6_control,control,batch_2,lane_3,2.5129,D6_control_a,a
cell_6_control_33,donor_6,D6_control,control,batch_2,lane_1,-0.8804,D6_control_b,b
cell_6_control_34,donor_6,D6_control,control,batch_2,lane_2,0.6017,D6_control_a,a
cell_6_control_35,donor_6,D6_control,control,batch_2,lane_3,1.5141,D6_control_b,b
cell_6_control_36,donor_6,D6_control,control,batch_2,lane_1,0.6553,D6_control_a,a
cell_6_control_37,donor_6,D6_control,control,batch_2,lane_2,-2.418,D6_control_b,b
cell_6_control_38,donor_6,D6_control,control,batch_2,lane_3,1.1189,D6_control_a,a
cell_6_control_39,donor_6,D6_control,control,batch_2,lane_1,-1.6212,D6_control_b,b
